<?xml version="1.0" encoding="UTF-8" standalone="no"?>
<Etelek>
  <Etel>
    <Neve>banán</Neve>
    <SzenhidratTartalom>24.0</SzenhidratTartalom>
    <Gyakorisag>0</Gyakorisag>
    <SzenhidratTartalomTipus>szazalekos</SzenhidratTartalomTipus>
  </Etel>
  <Etel>
    <Neve>alma</Neve>
    <SzenhidratTartalom>7.0</SzenhidratTartalom>
    <Gyakorisag>0</Gyakorisag>
    <SzenhidratTartalomTipus>szazalekos</SzenhidratTartalomTipus>
  </Etel>
  <Etel>
    <Neve>ananász</Neve>
    <SzenhidratTartalom>12.0</SzenhidratTartalom>
    <Gyakorisag>0</Gyakorisag>
    <SzenhidratTartalomTipus>szazalekos</SzenhidratTartalomTipus>
  </Etel>
  <Etel>
    <Neve>búzadara</Neve>
    <SzenhidratTartalom>75.0</SzenhidratTartalom>
    <Gyakorisag>10</Gyakorisag>
    <SzenhidratTartalomTipus>szazalekos</SzenhidratTartalomTipus>
  </Etel>
  <Etel>
    <Neve>barack</Neve>
    <SzenhidratTartalom>10.0</SzenhidratTartalom>
    <Gyakorisag>3</Gyakorisag>
    <SzenhidratTartalomTipus>szazalekos</SzenhidratTartalomTipus>
  </Etel>
  <Etel>
    <Neve>cékla</Neve>
    <SzenhidratTartalom>7.0</SzenhidratTartalom>
    <Gyakorisag>0</Gyakorisag>
    <SzenhidratTartalomTipus>szazalekos</SzenhidratTartalomTipus>
  </Etel>
  <Etel>
    <Neve>citrom</Neve>
    <SzenhidratTartalom>2.0</SzenhidratTartalom>
    <Gyakorisag>0</Gyakorisag>
    <SzenhidratTartalomTipus>szazalekos</SzenhidratTartalomTipus>
  </Etel>
  <Etel>
    <Neve>cseresznye</Neve>
    <SzenhidratTartalom>14.0</SzenhidratTartalom>
    <Gyakorisag>0</Gyakorisag>
    <SzenhidratTartalomTipus>szazalekos</SzenhidratTartalomTipus>
  </Etel>
  <Etel>
    <Neve>cukkini</Neve>
    <SzenhidratTartalom>5.0</SzenhidratTartalom>
    <Gyakorisag>0</Gyakorisag>
    <SzenhidratTartalomTipus>szazalekos</SzenhidratTartalomTipus>
  </Etel>
  <Etel>
    <Neve>csiperke</Neve>
    <SzenhidratTartalom>3.0</SzenhidratTartalom>
    <Gyakorisag>0</Gyakorisag>
    <SzenhidratTartalomTipus>szazalekos</SzenhidratTartalomTipus>
  </Etel>
  <Etel>
    <Neve>eper</Neve>
    <SzenhidratTartalom>6.0</SzenhidratTartalom>
    <Gyakorisag>0</Gyakorisag>
    <SzenhidratTartalomTipus>szazalekos</SzenhidratTartalomTipus>
  </Etel>
  <Etel>
    <Neve>fehér répa</Neve>
    <SzenhidratTartalom>6.0</SzenhidratTartalom>
    <Gyakorisag>0</Gyakorisag>
    <SzenhidratTartalomTipus>szazalekos</SzenhidratTartalomTipus>
  </Etel>
  <Etel>
    <Neve>fejes saláta</Neve>
    <SzenhidratTartalom>2.0</SzenhidratTartalom>
    <Gyakorisag>0</Gyakorisag>
    <SzenhidratTartalomTipus>szazalekos</SzenhidratTartalomTipus>
  </Etel>
  <Etel>
    <Neve>gesztenye</Neve>
    <SzenhidratTartalom>33.0</SzenhidratTartalom>
    <Gyakorisag>0</Gyakorisag>
    <SzenhidratTartalomTipus>szazalekos</SzenhidratTartalomTipus>
  </Etel>
  <Etel>
    <Neve>görögdinnye</Neve>
    <SzenhidratTartalom>7.0</SzenhidratTartalom>
    <Gyakorisag>0</Gyakorisag>
    <SzenhidratTartalomTipus>szazalekos</SzenhidratTartalomTipus>
  </Etel>
  <Etel>
    <Neve>grapefruit</Neve>
    <SzenhidratTartalom>0.0</SzenhidratTartalom>
    <Gyakorisag>0</Gyakorisag>
    <SzenhidratTartalomTipus>szazalekos</SzenhidratTartalomTipus>
  </Etel>
  <Etel>
    <Neve>hagyma</Neve>
    <SzenhidratTartalom>8.0</SzenhidratTartalom>
    <Gyakorisag>0</Gyakorisag>
    <SzenhidratTartalomTipus>szazalekos</SzenhidratTartalomTipus>
  </Etel>
  <Etel>
    <Neve>kakaó (por)</Neve>
    <SzenhidratTartalom>30.0</SzenhidratTartalom>
    <Gyakorisag>0</Gyakorisag>
    <SzenhidratTartalomTipus>szazalekos</SzenhidratTartalomTipus>
  </Etel>
  <Etel>
    <Neve>karalábé</Neve>
    <SzenhidratTartalom>7.0</SzenhidratTartalom>
    <Gyakorisag>20</Gyakorisag>
    <SzenhidratTartalomTipus>szazalekos</SzenhidratTartalomTipus>
  </Etel>
  <Etel>
    <Neve>káposzta</Neve>
    <SzenhidratTartalom>6.0</SzenhidratTartalom>
    <Gyakorisag>0</Gyakorisag>
    <SzenhidratTartalomTipus>szazalekos</SzenhidratTartalomTipus>
  </Etel>
  <Etel>
    <Neve>kefír (poharas 175 g.)</Neve>
    <SzenhidratTartalom>6.8</SzenhidratTartalom>
    <Gyakorisag>0</Gyakorisag>
    <SzenhidratTartalomTipus>darab</SzenhidratTartalomTipus>
  </Etel>
  <Etel>
    <Neve>kefír (kaukázusi 450 g,)</Neve>
    <SzenhidratTartalom>3.8</SzenhidratTartalom>
    <Gyakorisag>0</Gyakorisag>
    <SzenhidratTartalomTipus>szazalekos</SzenhidratTartalomTipus>
  </Etel>
  <Etel>
    <Neve>kelkáposzta</Neve>
    <SzenhidratTartalom>4.0</SzenhidratTartalom>
    <Gyakorisag>0</Gyakorisag>
    <SzenhidratTartalomTipus>szazalekos</SzenhidratTartalomTipus>
  </Etel>
  <Etel>
    <Neve>kivi</Neve>
    <SzenhidratTartalom>11.0</SzenhidratTartalom>
    <Gyakorisag>0</Gyakorisag>
    <SzenhidratTartalomTipus>szazalekos</SzenhidratTartalomTipus>
  </Etel>
  <Etel>
    <Neve>kínai kel</Neve>
    <SzenhidratTartalom>2.0</SzenhidratTartalom>
    <Gyakorisag>0</Gyakorisag>
    <SzenhidratTartalomTipus>szazalekos</SzenhidratTartalomTipus>
  </Etel>
  <Etel>
    <Neve>kókusz</Neve>
    <SzenhidratTartalom>10.0</SzenhidratTartalom>
    <Gyakorisag>0</Gyakorisag>
    <SzenhidratTartalomTipus>szazalekos</SzenhidratTartalomTipus>
  </Etel>
  <Etel>
    <Neve>kókuszreszelék</Neve>
    <SzenhidratTartalom>10.0</SzenhidratTartalom>
    <Gyakorisag>0</Gyakorisag>
    <SzenhidratTartalomTipus>szazalekos</SzenhidratTartalomTipus>
  </Etel>
  <Etel>
    <Neve>körte</Neve>
    <SzenhidratTartalom>12.0</SzenhidratTartalom>
    <Gyakorisag>0</Gyakorisag>
    <SzenhidratTartalomTipus>szazalekos</SzenhidratTartalomTipus>
  </Etel>
  <Etel>
    <Neve>krumpli</Neve>
    <SzenhidratTartalom>20.0</SzenhidratTartalom>
    <Gyakorisag>0</Gyakorisag>
    <SzenhidratTartalomTipus>szazalekos</SzenhidratTartalomTipus>
  </Etel>
  <Etel>
    <Neve>liszt</Neve>
    <SzenhidratTartalom>75.0</SzenhidratTartalom>
    <Gyakorisag>0</Gyakorisag>
    <SzenhidratTartalomTipus>szazalekos</SzenhidratTartalomTipus>
  </Etel>
  <Etel>
    <Neve>mandarin</Neve>
    <SzenhidratTartalom>10.0</SzenhidratTartalom>
    <Gyakorisag>0</Gyakorisag>
    <SzenhidratTartalomTipus>szazalekos</SzenhidratTartalomTipus>
  </Etel>
  <Etel>
    <Neve>málna</Neve>
    <SzenhidratTartalom>6.0</SzenhidratTartalom>
    <Gyakorisag>0</Gyakorisag>
    <SzenhidratTartalomTipus>szazalekos</SzenhidratTartalomTipus>
  </Etel>
  <Etel>
    <Neve>mandula</Neve>
    <SzenhidratTartalom>7.0</SzenhidratTartalom>
    <Gyakorisag>0</Gyakorisag>
    <SzenhidratTartalomTipus>szazalekos</SzenhidratTartalomTipus>
  </Etel>
  <Etel>
    <Neve>meggy</Neve>
    <SzenhidratTartalom>11.0</SzenhidratTartalom>
    <Gyakorisag>0</Gyakorisag>
    <SzenhidratTartalomTipus>szazalekos</SzenhidratTartalomTipus>
  </Etel>
  <Etel>
    <Neve>mogyoró (bokor)</Neve>
    <SzenhidratTartalom>9.0</SzenhidratTartalom>
    <Gyakorisag>0</Gyakorisag>
    <SzenhidratTartalomTipus>szazalekos</SzenhidratTartalomTipus>
  </Etel>
  <Etel>
    <Neve>mogyoró (földi)</Neve>
    <SzenhidratTartalom>17.0</SzenhidratTartalom>
    <Gyakorisag>0</Gyakorisag>
    <SzenhidratTartalomTipus>szazalekos</SzenhidratTartalomTipus>
  </Etel>
  <Etel>
    <Neve>narancs</Neve>
    <SzenhidratTartalom>10.0</SzenhidratTartalom>
    <Gyakorisag>0</Gyakorisag>
    <SzenhidratTartalomTipus>szazalekos</SzenhidratTartalomTipus>
  </Etel>
  <Etel>
    <Neve>nápolyi</Neve>
    <SzenhidratTartalom>3.0</SzenhidratTartalom>
    <Gyakorisag>0</Gyakorisag>
    <SzenhidratTartalomTipus>darab</SzenhidratTartalomTipus>
  </Etel>
  <Etel>
    <Neve>nektarin</Neve>
    <SzenhidratTartalom>10.0</SzenhidratTartalom>
    <Gyakorisag>0</Gyakorisag>
    <SzenhidratTartalomTipus>szazalekos</SzenhidratTartalomTipus>
  </Etel>
  <Etel>
    <Neve>őszibarack</Neve>
    <SzenhidratTartalom>10.0</SzenhidratTartalom>
    <Gyakorisag>0</Gyakorisag>
    <SzenhidratTartalomTipus>szazalekos</SzenhidratTartalomTipus>
  </Etel>
  <Etel>
    <Neve>paprika</Neve>
    <SzenhidratTartalom>3.0</SzenhidratTartalom>
    <Gyakorisag>0</Gyakorisag>
    <SzenhidratTartalomTipus>szazalekos</SzenhidratTartalomTipus>
  </Etel>
  <Etel>
    <Neve>paradicsom</Neve>
    <SzenhidratTartalom>4.0</SzenhidratTartalom>
    <Gyakorisag>0</Gyakorisag>
    <SzenhidratTartalomTipus>szazalekos</SzenhidratTartalomTipus>
  </Etel>
  <Etel>
    <Neve>pisztácia</Neve>
    <SzenhidratTartalom>14.0</SzenhidratTartalom>
    <Gyakorisag>0</Gyakorisag>
    <SzenhidratTartalomTipus>szazalekos</SzenhidratTartalomTipus>
  </Etel>
  <Etel>
    <Neve>retek</Neve>
    <SzenhidratTartalom>2.0</SzenhidratTartalom>
    <Gyakorisag>0</Gyakorisag>
    <SzenhidratTartalomTipus>szazalekos</SzenhidratTartalomTipus>
  </Etel>
  <Etel>
    <Neve>répa</Neve>
    <SzenhidratTartalom>8.0</SzenhidratTartalom>
    <Gyakorisag>0</Gyakorisag>
    <SzenhidratTartalomTipus>szazalekos</SzenhidratTartalomTipus>
  </Etel>
  <Etel>
    <Neve>ribizli</Neve>
    <SzenhidratTartalom>6.0</SzenhidratTartalom>
    <Gyakorisag>0</Gyakorisag>
    <SzenhidratTartalomTipus>szazalekos</SzenhidratTartalomTipus>
  </Etel>
  <Etel>
    <Neve>rízs</Neve>
    <SzenhidratTartalom>80.0</SzenhidratTartalom>
    <Gyakorisag>0</Gyakorisag>
    <SzenhidratTartalomTipus>szazalekos</SzenhidratTartalomTipus>
  </Etel>
  <Etel>
    <Neve>sajt</Neve>
    <SzenhidratTartalom>0.0</SzenhidratTartalom>
    <Gyakorisag>0</Gyakorisag>
    <SzenhidratTartalomTipus>szazalekos</SzenhidratTartalomTipus>
  </Etel>
  <Etel>
    <Neve>sárgabarack</Neve>
    <SzenhidratTartalom>10.0</SzenhidratTartalom>
    <Gyakorisag>0</Gyakorisag>
    <SzenhidratTartalomTipus>szazalekos</SzenhidratTartalomTipus>
  </Etel>
  <Etel>
    <Neve>sárgadinnye</Neve>
    <SzenhidratTartalom>10.0</SzenhidratTartalom>
    <Gyakorisag>0</Gyakorisag>
    <SzenhidratTartalomTipus>szazalekos</SzenhidratTartalomTipus>
  </Etel>
  <Etel>
    <Neve>sütőtök</Neve>
    <SzenhidratTartalom>16.0</SzenhidratTartalom>
    <Gyakorisag>0</Gyakorisag>
    <SzenhidratTartalomTipus>szazalekos</SzenhidratTartalomTipus>
  </Etel>
  <Etel>
    <Neve>szárazbab</Neve>
    <SzenhidratTartalom>54.0</SzenhidratTartalom>
    <Gyakorisag>0</Gyakorisag>
    <SzenhidratTartalomTipus>szazalekos</SzenhidratTartalomTipus>
  </Etel>
  <Etel>
    <Neve>szilva</Neve>
    <SzenhidratTartalom>13.0</SzenhidratTartalom>
    <Gyakorisag>0</Gyakorisag>
    <SzenhidratTartalomTipus>szazalekos</SzenhidratTartalomTipus>
  </Etel>
  <Etel>
    <Neve>szőlő</Neve>
    <SzenhidratTartalom>18.0</SzenhidratTartalom>
    <Gyakorisag>0</Gyakorisag>
    <SzenhidratTartalomTipus>szazalekos</SzenhidratTartalomTipus>
  </Etel>
  <Etel>
    <Neve>tej</Neve>
    <SzenhidratTartalom>5.0</SzenhidratTartalom>
    <Gyakorisag>0</Gyakorisag>
    <SzenhidratTartalomTipus>dl</SzenhidratTartalomTipus>
  </Etel>
  <Etel>
    <Neve>tojás</Neve>
    <SzenhidratTartalom>0.0</SzenhidratTartalom>
    <Gyakorisag>0</Gyakorisag>
    <SzenhidratTartalomTipus>darab</SzenhidratTartalomTipus>
  </Etel>
  <Etel>
    <Neve>tonhalkonzerv Calvo</Neve>
    <SzenhidratTartalom>0.0</SzenhidratTartalom>
    <Gyakorisag>0</Gyakorisag>
    <SzenhidratTartalomTipus>darab</SzenhidratTartalomTipus>
  </Etel>
  <Etel>
    <Neve>tökmag</Neve>
    <SzenhidratTartalom>4.0</SzenhidratTartalom>
    <Gyakorisag>0</Gyakorisag>
    <SzenhidratTartalomTipus>szazalekos</SzenhidratTartalomTipus>
  </Etel>
  <Etel>
    <Neve>uborka</Neve>
    <SzenhidratTartalom>2.0</SzenhidratTartalom>
    <Gyakorisag>0</Gyakorisag>
    <SzenhidratTartalomTipus>szazalekos</SzenhidratTartalomTipus>
  </Etel>
  <Etel>
    <Neve>zeller</Neve>
    <SzenhidratTartalom>6.0</SzenhidratTartalom>
    <Gyakorisag>0</Gyakorisag>
    <SzenhidratTartalomTipus>szazalekos</SzenhidratTartalomTipus>
  </Etel>
  <Etel>
    <Neve>zöldbab</Neve>
    <SzenhidratTartalom>7.0</SzenhidratTartalom>
    <Gyakorisag>0</Gyakorisag>
    <SzenhidratTartalomTipus>szazalekos</SzenhidratTartalomTipus>
  </Etel>
  <Etel>
    <Neve>ződborsó</Neve>
    <SzenhidratTartalom>14.0</SzenhidratTartalom>
    <Gyakorisag>0</Gyakorisag>
    <SzenhidratTartalomTipus>szazalekos</SzenhidratTartalomTipus>
  </Etel>
  <Etel>
    <Neve>zsömle</Neve>
    <SzenhidratTartalom>30.0</SzenhidratTartalom>
    <Gyakorisag>0</Gyakorisag>
    <SzenhidratTartalomTipus>darab</SzenhidratTartalomTipus>
  </Etel>
  <Etel>
    <Neve>aaaa</Neve>
    <SzenhidratTartalom>0.0</SzenhidratTartalom>
    <Gyakorisag>0</Gyakorisag>
    <SzenhidratTartalomTipus>szazalekos</SzenhidratTartalomTipus>
  </Etel>
</Etelek>
