<?xml version="1.0" encoding="UTF-8"?>
<Configuration status="error" name="tryLogging.MyLogger">
  <Appenders>
    <Console name="CONSOLE" target="SYSTEM_OUT">
       <PatternLayout pattern="%d %-5p [%t] %C{2} (%F:%L) - %m%n"/>
    </Console>
    <File name="Audit" fileName="log/audit.log">
      <PatternLayout>
        <pattern>%d %p %c{1.} [%t] %m%n</pattern>
      </PatternLayout>
    </File>
 <!--   <SMTP name="Mail" subject="Error Log" to="errors@logging.apache.org" from="test@logging.apache.org"
smtpHost="localhost" smtpPort="25" bufferSize="50">
    </SMTP> 
    <Socket name="socket" host="localhost" port="9500">
      <SerializedLayout />
    </Socket>
   <Syslog name="bsd" host="localhost" port="514" protocol="TCP"/>
    <Syslog name="RFC5424" format="RFC5424" host="localhost" port="8514"
protocol="TCP" appName="MyApp" includeMDC="true"
facility="LOCAL0" enterpriseNumber="18060" newLine="true"
messageId="Audit" id="App"/>
    <TLSSyslog name="bsd" host="localhost" port="6514">
      <SSL>
        <KeyStore location="log4j2-keystore.jks" password="changeme" />
        <TrustStore location="truststore.jks" password="changeme" />
      </SSL>
    </TLSSyslog> -->
    <RollingRandomAccessFile name="RollingRandomAccessFile" fileName="log/app.log"
filePattern="log/$${date:yyyy-MM}/app-%d{MM-dd-yyyy}-%i.log.gz">
      <PatternLayout>
        <Pattern>%d %p %c{1.} [%t] %m%n</Pattern>
      </PatternLayout>
      <Policies>
        <TimeBasedTriggeringPolicy />
        <SizeBasedTriggeringPolicy size="5 MB"/>
      </Policies>
    </RollingRandomAccessFile>
     <Async name="ASYNC">
       <AppenderRef ref="CONSOLE"/>
       <AppenderRef ref="Audit"/>
    </Async>
  </Appenders>
  <Loggers>
    <Root level="warn">
      <AppenderRef ref="Audit"/>
      <AppenderRef ref="CONSOLE" />
      <AppenderRef ref="RollingRandomAccessFile"  />
    </Root>
  </Loggers>
</Configuration>
